user_id,song_id,time
3,183,2025-10-03T18:16:45
3,185,2025-10-25T02:38:21
1,9,2025-10-11T06:49:51
3,188,2025-10-09T18:34:55
3,186,2025-10-04T10:03:32
1,6,2025-10-22T13:27:48
1,33,2025-10-03T21:49:59
3,184,2025-11-11T01:33:07
1,29,2025-10-28T08:13:52
1,49,2025-10-16T20:01:59
3,186,2025-11-03T08:50:28
2,90,2025-10-22T05:43:02
2,77,2025-10-10T08:06:48
2,75,2025-11-05T04:28:57
2,118,2025-10-05T13:14:48
3,186,2025-10-13T10:51:57
2,71,2025-10-29T19:09:17
3,187,2025-11-05T10:40:14
3,184,2025-10-08T02:04:30
1,43,2025-10-23T11:02:29
2,71,2025-10-23T22:26:31
1,25,2025-10-28T07:43:31
2,144,2025-10-17T03:00:41
2,141,2025-10-21T16:11:12
3,185,2025-10-08T06:22:47
3,188,2025-10-17T22:46:55
3,188,2025-10-25T02:27:02
1,30,2025-11-07T04:11:42
2,107,2025-11-01T19:38:00
1,15,2025-10-04T10:47:56
2,153,2025-10-27T07:52:53
1,14,2025-10-31T21:15:09
1,42,2025-11-18T19:17:35
2,168,2025-10-15T04:54:53
2,86,2025-10-25T06:41:01
3,187,2025-10-26T20:13:56
3,187,2025-11-11T22:19:23
3,186,2025-11-05T11:30:46
1,9,2025-11-19T19:16:56
2,74,2025-10-05T21:47:20
1,10,2025-10-16T20:47:06
3,186,2025-10-07T12:01:49
2,148,2025-11-15T18:38:07
3,185,2025-10-02T10:45:09
3,188,2025-10-12T10:55:29
3,187,2025-10-27T05:44:51
3,185,2025-10-12T03:56:07
2,162,2025-10-16T16:32:03
2,51,2025-10-26T21:44:27
3,184,2025-11-19T14:59:02
1,41,2025-10-30T07:25:36
3,187,2025-10-20T15:29:47
1,24,2025-10-17T00:26:11
3,187,2025-10-01T09:19:57
3,185,2025-11-17T18:32:01
1,8,2025-11-05T13:48:23
2,112,2025-10-06T22:58:31
1,37,2025-10-08T23:31:02
1,47,2025-11-17T12:26:23
1,49,2025-10-13T13:02:35
1,43,2025-11-16T11:29:17
3,184,2025-10-27T01:37:36
3,187,2025-11-11T09:58:58
1,35,2025-10-20T20:42:57
3,185,2025-11-09T01:43:09
3,188,2025-11-06T14:07:58
2,166,2025-10-13T01:57:36
1,15,2025-10-07T13:11:28
2,56,2025-10-23T16:12:22
3,184,2025-10-02T00:45:21
1,46,2025-10-07T01:11:08
1,5,2025-10-04T09:11:50
2,69,2025-11-20T06:04:14
1,18,2025-11-17T11:05:51
1,35,2025-10-14T04:18:32
3,187,2025-11-16T05:24:11
1,31,2025-11-09T20:31:06
1,7,2025-10-10T17:51:54
3,186,2025-11-04T17:34:23
2,156,2025-11-15T16:14:46
3,183,2025-10-10T21:19:48
1,26,2025-11-03T06:37:56
1,16,2025-10-19T22:26:14
1,35,2025-11-13T21:20:43
1,28,2025-10-19T03:33:29
2,169,2025-10-25T14:05:28
1,29,2025-10-10T20:08:37
1,42,2025-10-02T18:23:17
1,49,2025-10-24T06:48:14
1,27,2025-11-17T11:37:33
2,105,2025-11-09T06:29:29
1,11,2025-11-07T03:04:16
1,25,2025-10-27T01:58:04
2,124,2025-11-11T09:40:43
3,188,2025-11-17T14:01:35
1,13,2025-10-30T03:22:45
1,4,2025-10-07T06:02:29
3,185,2025-10-06T21:12:17
1,38,2025-11-16T14:59:51
3,187,2025-10-16T14:50:41
1,33,2025-10-09T02:40:23
1,5,2025-10-07T22:21:37
3,184,2025-11-09T12:51:54
1,37,2025-10-25T05:43:24
3,187,2025-10-05T04:36:17
3,183,2025-11-11T00:51:53
3,187,2025-11-01T01:11:42
2,103,2025-10-31T20:06:05
1,17,2025-11-08T18:14:52
1,43,2025-10-30T11:02:37
2,131,2025-10-08T09:02:15
1,30,2025-10-11T00:58:23
1,35,2025-10-22T00:41:07
3,185,2025-10-14T04:38:46
2,68,2025-10-25T01:13:26
2,123,2025-10-16T15:34:36
2,128,2025-10-02T02:13:44
3,187,2025-10-30T09:36:10
3,183,2025-10-14T08:55:15
2,80,2025-10-11T17:24:42
3,187,2025-10-16T10:13:11
2,123,2025-10-21T18:48:09
3,185,2025-10-21T02:24:58
3,188,2025-10-26T23:07:37
3,186,2025-10-25T17:09:17
1,6,2025-11-11T11:00:11
2,62,2025-10-01T16:15:43
2,84,2025-10-26T18:24:00
1,48,2025-11-13T05:33:04
3,188,2025-11-11T20:34:57
3,183,2025-10-12T04:41:06
1,45,2025-10-15T19:19:17
3,183,2025-11-06T04:20:08
3,187,2025-10-15T17:05:00
2,83,2025-10-05T09:28:05
2,144,2025-10-05T04:57:42
2,104,2025-10-25T13:26:47
3,183,2025-11-04T16:07:51
3,186,2025-10-16T08:08:07
1,11,2025-10-18T12:33:42
2,57,2025-10-18T17:56:26
3,185,2025-11-10T07:21:40
3,188,2025-10-25T10:16:17
2,91,2025-10-11T19:52:51
2,60,2025-11-16T00:47:14
1,13,2025-11-15T00:35:03
2,129,2025-10-23T10:20:09
1,2,2025-10-20T02:01:30
2,135,2025-10-28T09:11:31
1,50,2025-10-28T10:24:30
2,181,2025-11-09T03:19:05
3,187,2025-11-02T11:38:06
1,8,2025-10-26T16:40:31
1,38,2025-10-27T02:34:53
1,7,2025-11-12T12:36:25
2,131,2025-11-12T16:52:17
3,187,2025-10-12T13:28:27
2,99,2025-10-26T01:32:47
1,46,2025-11-12T16:05:15
1,34,2025-10-20T11:07:30
2,161,2025-10-08T03:03:02
3,185,2025-10-31T19:28:35
3,183,2025-10-30T11:48:05
3,185,2025-11-09T23:37:28
2,154,2025-10-30T00:55:35
3,184,2025-10-19T23:01:11
2,148,2025-10-18T05:30:47
3,187,2025-10-30T13:15:50
2,51,2025-10-30T20:04:47
2,104,2025-11-12T01:42:43
3,187,2025-11-01T14:53:42
2,164,2025-11-13T06:18:25
3,184,2025-11-19T23:07:18
2,94,2025-10-09T13:35:16
2,182,2025-11-02T21:02:42
1,49,2025-10-24T03:17:00
3,185,2025-10-23T03:27:02
1,10,2025-10-03T16:54:55
1,16,2025-11-16T11:08:52
3,183,2025-11-14T13:11:47
2,100,2025-11-07T14:44:04
2,153,2025-10-25T00:31:29
1,42,2025-10-01T20:55:13
1,50,2025-11-11T14:39:44
1,12,2025-11-20T14:55:44
2,63,2025-10-25T12:40:26
1,30,2025-10-14T06:42:09
2,132,2025-11-13T07:16:14
3,188,2025-11-19T08:13:06
2,165,2025-10-16T18:51:53
3,186,2025-11-14T00:44:18
2,114,2025-10-28T06:10:56
3,186,2025-10-24T13:28:59
2,163,2025-10-08T20:32:57
3,185,2025-10-24T02:24:34
2,136,2025-11-01T08:58:38
3,183,2025-10-14T18:26:05
1,15,2025-11-07T12:32:12
3,184,2025-10-22T02:32:46
1,27,2025-11-09T21:46:31
2,170,2025-11-10T16:49:27
1,14,2025-11-11T03:00:19
2,56,2025-11-07T06:21:07
2,52,2025-11-04T11:39:26
2,150,2025-11-11T00:23:25
3,188,2025-10-22T17:53:32
2,107,2025-10-27T19:59:07
2,175,2025-10-04T03:37:57
2,137,2025-11-09T14:07:34
3,184,2025-11-15T17:05:52
1,40,2025-10-03T22:50:10
2,57,2025-10-09T11:36:42
3,186,2025-10-14T12:12:09
2,97,2025-10-06T05:10:18
2,148,2025-11-02T02:47:13
1,30,2025-11-02T01:36:21
2,148,2025-10-28T08:23:05
2,115,2025-10-09T06:51:19
2,55,2025-10-06T09:22:05
2,108,2025-10-07T23:53:32
3,183,2025-10-04T08:18:18
1,13,2025-10-03T07:29:19
3,184,2025-10-24T11:51:00
1,31,2025-10-12T10:32:48
3,184,2025-11-15T11:36:27
3,185,2025-11-06T03:35:17
1,39,2025-10-12T10:52:51
1,20,2025-10-11T19:53:18
3,183,2025-10-31T14:54:47
3,188,2025-11-06T18:31:42
2,101,2025-10-08T17:05:04
3,188,2025-10-24T21:52:48
1,45,2025-10-30T14:44:18
3,187,2025-10-13T02:04:43
3,183,2025-11-04T01:02:36
3,186,2025-11-06T07:29:33
1,33,2025-11-03T11:07:34
1,27,2025-11-17T22:15:09
1,28,2025-11-05T11:57:33
3,186,2025-10-16T04:29:42
2,96,2025-10-27T13:20:15
3,187,2025-11-17T06:37:51
2,162,2025-10-27T09:24:24
2,113,2025-10-09T17:56:21
2,166,2025-10-25T00:14:34
2,148,2025-11-02T23:51:39
1,32,2025-11-01T21:20:16
1,32,2025-10-21T22:16:30
2,117,2025-11-03T09:02:49
2,121,2025-10-02T07:39:13
3,184,2025-10-09T15:29:33
1,47,2025-11-09T19:02:46
2,112,2025-11-16T13:22:38
3,188,2025-11-17T23:41:47
2,55,2025-10-10T08:49:48
2,107,2025-11-09T14:19:22
3,184,2025-10-31T01:30:42
3,187,2025-11-06T03:52:47
2,139,2025-11-11T15:29:44
3,187,2025-11-02T10:47:58
2,167,2025-10-27T15:16:51
2,115,2025-10-23T17:11:33
1,47,2025-10-20T00:45:14
2,81,2025-10-19T07:25:49
1,14,2025-11-17T08:15:52
2,123,2025-10-11T02:14:34
1,19,2025-10-23T10:04:27
2,96,2025-10-30T16:20:04
1,46,2025-10-13T14:57:34
2,62,2025-10-06T15:03:17
3,185,2025-10-13T14:15:09
3,186,2025-10-11T07:02:47
1,37,2025-10-28T22:33:31
2,173,2025-11-13T02:22:00
2,98,2025-10-06T07:42:59
2,173,2025-10-12T09:50:32
1,26,2025-11-18T01:51:09
1,37,2025-10-06T12:55:05
1,10,2025-10-30T19:59:17
1,16,2025-10-12T20:00:43
3,186,2025-10-23T05:53:20
3,186,2025-11-14T01:46:29
2,127,2025-11-11T23:14:45
2,66,2025-10-10T23:13:51
1,41,2025-10-21T19:43:27
2,71,2025-10-16T13:58:10
1,12,2025-10-08T14:54:49
1,1,2025-11-09T23:54:53
2,171,2025-10-29T14:41:00
1,15,2025-10-29T07:19:58
3,185,2025-11-14T09:58:10
1,44,2025-10-23T23:55:00
2,101,2025-11-11T14:38:44
1,35,2025-10-23T03:50:38
3,184,2025-10-27T02:58:06
1,5,2025-10-07T02:58:00
1,20,2025-10-29T08:30:41
2,82,2025-11-15T20:08:43
3,185,2025-11-09T09:54:46
2,179,2025-11-18T06:37:34
2,71,2025-10-05T04:52:56
2,133,2025-10-25T15:23:58
1,6,2025-10-23T13:25:57
3,187,2025-10-03T08:20:25
3,185,2025-10-05T05:44:47
1,31,2025-11-20T17:16:24
3,186,2025-10-28T08:09:06
1,38,2025-11-12T15:41:08
3,186,2025-10-10T04:36:36
2,140,2025-11-09T23:31:12
2,133,2025-10-11T11:44:07
1,22,2025-11-10T07:12:09
3,186,2025-10-29T07:35:46
3,186,2025-10-04T21:30:37
2,73,2025-10-31T20:52:41
2,133,2025-10-12T14:07:00
2,182,2025-10-01T10:40:55
3,187,2025-11-15T04:28:58
2,64,2025-10-19T13:05:56
3,185,2025-11-18T17:34:23
3,186,2025-10-06T08:15:50
1,18,2025-10-14T01:16:58
2,163,2025-11-17T09:27:37
1,2,2025-10-24T13:36:12
3,184,2025-10-31T12:06:01
3,183,2025-11-09T22:41:13
1,15,2025-10-12T08:23:00
2,81,2025-10-16T06:46:43
2,125,2025-11-19T17:45:27
3,185,2025-11-10T16:09:45
2,171,2025-10-24T23:56:03
2,88,2025-11-07T13:49:12
1,39,2025-11-19T16:17:13
3,184,2025-10-08T02:40:09
2,157,2025-11-03T07:58:00
3,185,2025-10-01T13:58:38
2,127,2025-11-17T20:56:40
1,29,2025-11-17T08:35:50
2,136,2025-11-06T22:57:47
2,133,2025-10-19T15:35:30
3,184,2025-11-07T12:23:12
1,50,2025-11-10T05:10:31
1,21,2025-11-16T06:06:52
3,186,2025-11-07T19:37:43
3,188,2025-10-16T02:25:51
2,60,2025-10-13T14:10:30
3,187,2025-11-02T13:36:13
1,29,2025-10-11T00:20:42
3,186,2025-10-02T19:45:44
3,184,2025-11-10T03:19:09
3,184,2025-10-08T14:21:44
2,118,2025-11-03T04:54:17
3,188,2025-11-08T22:12:11
3,183,2025-11-02T05:36:47
3,187,2025-11-07T05:29:09
2,175,2025-10-04T19:39:03
3,183,2025-10-24T03:03:15
3,188,2025-10-29T05:38:29
1,48,2025-10-10T02:35:56
2,76,2025-10-11T02:11:55
2,93,2025-10-30T09:48:23
1,3,2025-11-01T19:50:51
1,19,2025-11-05T03:16:48
2,161,2025-10-15T11:12:07
1,34,2025-11-10T08:09:00
3,188,2025-10-18T19:33:46
1,12,2025-10-09T00:00:34
3,186,2025-10-24T17:10:26
2,87,2025-10-23T21:02:17
2,116,2025-11-14T22:52:36
2,53,2025-11-15T12:07:07
2,91,2025-10-08T12:06:38
2,139,2025-10-30T09:04:47
3,186,2025-10-25T14:46:15
2,128,2025-10-20T16:12:33
2,174,2025-10-11T16:31:12
1,25,2025-11-05T04:26:07
3,185,2025-10-29T23:56:15
1,43,2025-11-08T18:17:39
2,53,2025-10-06T02:16:52
3,188,2025-11-18T13:27:30
2,109,2025-11-04T12:58:02
1,41,2025-10-19T19:02:22
3,185,2025-10-14T14:43:07
3,183,2025-10-05T03:51:40
2,163,2025-10-04T13:44:41
3,185,2025-10-14T02:12:42
1,19,2025-11-02T01:18:38
3,186,2025-10-18T09:16:15
1,9,2025-11-05T20:30:35
3,187,2025-10-27T19:02:05
1,17,2025-11-17T02:47:12
2,137,2025-10-12T12:21:53
2,70,2025-10-14T23:59:15
1,44,2025-11-08T22:02:09
3,185,2025-10-10T02:25:15
2,54,2025-10-27T00:13:59
3,183,2025-11-14T11:43:41
2,118,2025-11-07T07:51:13
3,185,2025-10-11T20:27:52
3,184,2025-11-16T02:37:14
1,40,2025-11-02T04:18:36
3,184,2025-10-07T11:18:22
3,186,2025-10-30T16:09:14
3,186,2025-10-12T15:52:28
1,3,2025-10-04T22:42:37
2,177,2025-10-12T14:34:49
1,16,2025-10-14T12:07:12
2,167,2025-11-06T08:31:10
3,188,2025-11-11T00:38:10
3,188,2025-10-16T08:03:52
2,76,2025-11-17T20:15:40
3,186,2025-10-28T11:50:30
1,45,2025-11-06T07:23:50
1,29,2025-11-13T12:12:59
1,24,2025-10-10T23:30:46
3,185,2025-11-05T03:46:14
1,26,2025-10-28T02:51:01
1,8,2025-11-14T11:34:05
1,43,2025-10-21T22:14:32
3,188,2025-10-03T09:45:59
1,22,2025-10-24T23:33:23
1,37,2025-10-21T06:09:49
1,49,2025-10-21T10:42:41
3,184,2025-10-23T22:55:34
2,88,2025-10-01T14:36:26
2,88,2025-10-13T22:54:13
3,185,2025-10-18T06:36:27
1,43,2025-10-03T20:04:19
1,1,2025-11-05T02:45:54
1,38,2025-11-01T18:26:31
1,12,2025-10-27T02:21:04
1,9,2025-11-11T04:54:33
3,183,2025-10-07T12:06:03
2,165,2025-11-05T11:36:43
3,187,2025-10-11T22:06:51
2,179,2025-10-22T20:14:54
3,183,2025-10-30T14:50:58
2,58,2025-10-07T05:44:00
2,153,2025-11-11T17:17:22
3,183,2025-11-17T22:24:33
3,186,2025-10-08T11:14:44
1,21,2025-10-15T17:38:34
1,9,2025-10-28T00:50:01
3,188,2025-11-01T21:44:13
2,126,2025-11-14T09:14:00
3,187,2025-11-12T02:26:13
1,45,2025-10-12T10:36:14
3,188,2025-10-22T05:02:24
2,166,2025-10-23T12:25:43
2,137,2025-11-14T08:43:44
2,157,2025-10-10T13:33:57
2,160,2025-10-31T16:13:57
3,185,2025-11-06T16:11:04
1,44,2025-11-16T09:07:27
1,6,2025-10-09T14:54:48
1,28,2025-10-10T17:00:41
3,188,2025-11-06T12:19:48
1,36,2025-10-07T03:45:56
3,187,2025-11-02T08:07:50
3,183,2025-11-10T05:15:12
2,159,2025-10-06T07:52:40
2,130,2025-11-04T11:23:42
1,37,2025-11-19T14:21:24
1,10,2025-11-17T03:34:57
1,7,2025-11-04T07:49:29
3,185,2025-10-12T11:42:07
2,108,2025-11-11T23:54:15
3,187,2025-10-03T21:10:33
3,188,2025-10-27T07:11:54
1,12,2025-10-27T20:45:58
3,185,2025-11-03T07:50:55
2,52,2025-10-18T22:42:20
1,37,2025-11-09T05:53:42
1,10,2025-10-04T07:26:10
1,48,2025-10-22T05:17:45
2,158,2025-11-14T09:04:16
2,91,2025-11-06T06:17:10
2,134,2025-10-09T13:57:51
1,10,2025-10-16T14:47:29
3,183,2025-10-09T06:05:55
2,164,2025-11-11T12:01:33
2,164,2025-11-10T13:07:05
2,106,2025-11-20T01:51:12
1,23,2025-11-12T01:46:16
1,19,2025-11-17T13:56:11
3,188,2025-10-31T06:40:09
1,15,2025-11-08T17:01:49
3,183,2025-10-02T01:54:43
1,20,2025-10-21T20:12:39
1,49,2025-10-26T03:24:12
2,134,2025-10-12T23:35:01
1,32,2025-11-12T03:29:56
1,9,2025-11-07T05:56:51
3,188,2025-10-23T16:11:48
3,187,2025-11-04T17:16:09
1,26,2025-10-05T10:34:17
2,55,2025-11-14T23:18:18
1,21,2025-11-12T00:18:17
3,186,2025-11-10T21:17:50
2,80,2025-11-09T15:47:37
1,21,2025-10-18T00:29:36
3,186,2025-11-05T11:10:40
1,28,2025-10-11T14:40:44
1,28,2025-11-09T05:06:56
3,183,2025-11-08T18:12:11
2,137,2025-10-22T20:18:01
2,94,2025-10-08T17:58:36
3,188,2025-10-12T09:42:04
3,187,2025-10-20T03:49:42
2,140,2025-10-15T16:08:32
1,7,2025-10-15T13:14:23
2,101,2025-10-18T04:16:55
3,184,2025-10-08T15:35:09
1,50,2025-11-18T07:22:34
2,165,2025-11-01T17:07:47
3,185,2025-10-15T23:45:22
2,68,2025-11-15T20:39:55
2,128,2025-10-28T00:02:09
3,183,2025-11-04T12:05:05
3,183,2025-10-31T11:18:09
2,166,2025-10-04T23:37:52
1,24,2025-10-29T04:56:16
1,42,2025-10-10T02:24:21
3,187,2025-11-19T13:33:13
2,169,2025-10-05T07:35:23
2,99,2025-11-01T13:12:41
3,186,2025-11-19T00:16:13
1,4,2025-11-14T01:47:41
1,22,2025-10-09T12:30:04
3,188,2025-10-18T02:05:29
1,16,2025-11-12T20:03:02
2,91,2025-11-05T15:56:37
2,123,2025-11-07T22:44:45
2,137,2025-10-06T10:01:13
3,188,2025-11-02T19:47:22
1,22,2025-10-10T12:12:53
3,188,2025-11-07T20:45:35
2,115,2025-10-15T22:23:42
2,71,2025-10-15T01:33:07
2,130,2025-11-08T09:19:41
1,39,2025-10-09T13:24:34
2,147,2025-11-02T05:24:21
1,43,2025-10-10T09:45:40
3,188,2025-11-11T10:36:30
3,185,2025-10-03T02:28:48
2,130,2025-10-18T20:02:34
1,22,2025-11-17T13:05:36
1,15,2025-10-14T16:33:01
1,5,2025-10-30T01:14:43
1,33,2025-10-04T23:57:28
3,185,2025-10-14T01:21:59
3,186,2025-10-16T07:26:05
1,12,2025-10-17T09:44:03
3,186,2025-10-05T13:48:38
2,144,2025-10-24T09:29:07
2,123,2025-11-13T22:04:40
1,35,2025-10-24T13:18:10
2,171,2025-10-20T04:05:25
2,163,2025-11-15T03:47:32
2,148,2025-11-19T03:51:27
3,186,2025-10-17T01:37:22
1,39,2025-10-14T18:29:31
2,64,2025-11-16T23:51:26
2,77,2025-11-20T10:09:21
1,19,2025-10-09T11:26:35
1,18,2025-11-13T22:59:22
3,184,2025-11-12T19:23:05
1,15,2025-11-14T03:12:15
2,57,2025-11-10T14:46:47
1,26,2025-11-19T01:45:40
2,111,2025-11-07T19:49:56
1,24,2025-10-23T03:12:47
1,21,2025-10-10T22:52:49
3,188,2025-11-02T21:16:59
1,9,2025-10-05T01:15:10
2,171,2025-10-14T19:24:37
3,186,2025-11-13T21:19:01
3,183,2025-10-09T00:36:33
1,17,2025-10-22T06:30:43
1,36,2025-11-11T10:15:18
1,50,2025-10-29T07:19:31
1,20,2025-10-13T03:55:38
1,16,2025-11-11T02:15:51
3,187,2025-11-14T17:09:06
1,8,2025-11-18T20:41:11
3,187,2025-10-02T22:17:49
3,187,2025-10-24T19:45:24
3,184,2025-10-29T14:42:46
2,51,2025-11-04T14:07:15
1,37,2025-11-10T18:40:22
1,43,2025-10-09T15:29:41
3,185,2025-10-07T21:42:15
3,187,2025-11-19T14:09:33
3,187,2025-10-03T07:22:56
2,171,2025-10-05T13:26:33
3,186,2025-11-06T13:51:27
2,55,2025-11-05T00:05:20
1,23,2025-10-24T17:51:50
3,188,2025-10-11T09:33:15
3,188,2025-11-02T14:49:28
1,3,2025-11-04T12:54:58
3,185,2025-10-18T07:59:14
3,186,2025-11-16T19:03:30
3,184,2025-10-14T10:13:45
1,46,2025-11-14T18:28:14
1,19,2025-10-20T21:44:27
1,13,2025-10-05T09:38:52
2,130,2025-11-20T08:55:50
2,172,2025-10-25T22:15:49
1,49,2025-10-19T21:18:11
2,142,2025-10-05T23:23:29
3,185,2025-10-27T20:38:27
1,24,2025-11-12T18:10:13
2,163,2025-11-07T20:56:51
2,98,2025-11-18T12:14:14
3,186,2025-11-05T23:58:49
3,185,2025-10-09T08:29:55
3,186,2025-10-08T23:54:47
2,97,2025-10-29T20:31:31
2,77,2025-10-09T02:34:26
2,126,2025-10-31T02:11:13
2,160,2025-10-17T12:18:37
3,186,2025-11-04T11:09:49
2,61,2025-11-04T13:31:21
3,186,2025-10-27T23:45:37
3,183,2025-10-08T14:51:30
3,188,2025-11-09T18:32:18
2,182,2025-10-16T20:47:45
1,10,2025-11-12T21:01:00
1,9,2025-10-07T20:39:54
1,50,2025-11-05T21:36:25
2,149,2025-10-04T11:27:47
3,184,2025-11-14T00:23:44
2,146,2025-11-13T10:27:12
1,37,2025-10-14T16:51:10
3,185,2025-11-08T23:29:11
2,122,2025-10-25T13:38:14
1,2,2025-10-19T09:31:24
2,150,2025-10-12T18:24:10
2,117,2025-11-13T15:53:30
1,40,2025-10-29T01:26:32
3,186,2025-10-20T18:26:57
1,9,2025-10-08T12:33:13
2,95,2025-11-13T13:11:03
1,44,2025-11-01T08:41:36
3,185,2025-10-07T15:19:08
3,187,2025-10-29T12:35:35
2,91,2025-10-18T05:39:41
2,181,2025-10-23T02:31:15
1,13,2025-10-14T19:36:23
1,32,2025-10-03T21:14:46
2,145,2025-11-15T17:08:04
3,184,2025-10-09T16:53:47
1,20,2025-11-08T23:46:47
3,188,2025-11-16T19:22:13
3,186,2025-11-10T02:02:57
3,183,2025-10-13T12:01:57
2,69,2025-11-14T00:30:59
2,139,2025-10-13T19:02:28
3,188,2025-10-19T00:00:17
1,28,2025-11-19T03:45:27
1,8,2025-11-20T15:15:55
1,20,2025-10-17T07:40:43
1,21,2025-10-23T05:23:01
2,123,2025-10-08T23:45:24
2,101,2025-10-27T23:31:02
1,41,2025-10-30T17:37:56
3,187,2025-10-10T09:42:14
3,188,2025-10-17T16:57:00
3,187,2025-10-16T07:17:55
1,43,2025-11-03T02:42:38
3,183,2025-10-04T02:06:54
1,3,2025-10-27T00:41:34
3,184,2025-11-10T18:43:03
3,188,2025-10-04T06:34:16
2,125,2025-10-30T15:55:49
2,113,2025-11-09T18:15:51
2,167,2025-10-08T10:02:22
3,183,2025-10-16T16:21:14
2,157,2025-11-17T08:23:12
2,103,2025-11-03T08:42:22
3,184,2025-10-31T16:22:12
3,185,2025-11-03T20:46:18
2,84,2025-11-06T07:25:16
3,187,2025-10-11T15:25:35
2,112,2025-11-15T14:57:35
1,18,2025-11-13T23:38:04
1,10,2025-10-10T17:35:15
1,19,2025-11-07T15:08:02
3,186,2025-10-25T10:30:42
1,21,2025-10-31T16:40:42
1,49,2025-10-16T19:17:41
2,182,2025-11-15T15:45:29
2,129,2025-11-18T14:57:24
1,6,2025-11-08T12:19:14
3,186,2025-10-24T16:56:18
1,38,2025-11-04T14:18:18
1,4,2025-10-28T15:36:28
2,171,2025-10-29T01:50:31
3,183,2025-10-11T18:29:10
2,85,2025-10-27T00:15:59
3,185,2025-11-09T11:39:00
2,62,2025-11-09T05:25:22
1,37,2025-10-20T05:34:47
2,124,2025-10-08T11:20:29
2,180,2025-11-14T01:24:06
3,185,2025-10-12T20:50:59
1,7,2025-11-08T13:51:43
2,137,2025-11-05T19:55:28
1,13,2025-11-19T18:20:29
2,179,2025-10-05T05:48:02
1,3,2025-10-14T15:19:04
3,185,2025-11-16T07:54:13
3,186,2025-10-15T19:03:24
3,187,2025-10-14T21:42:47
2,132,2025-10-17T02:39:25
2,127,2025-11-02T23:48:25
3,187,2025-11-17T21:25:31
3,187,2025-10-30T10:33:45
2,55,2025-11-06T02:20:09
2,79,2025-11-10T18:36:33
3,185,2025-10-03T22:05:32
3,186,2025-10-27T02:43:50
3,187,2025-10-23T10:12:50
3,183,2025-11-16T23:31:36
1,34,2025-11-07T05:54:27
1,44,2025-10-24T20:21:32
1,37,2025-10-12T00:04:30
1,2,2025-11-13T03:41:39
2,158,2025-10-16T00:51:37
2,103,2025-11-10T04:14:55
3,187,2025-11-16T02:55:13
3,188,2025-10-07T09:07:33
3,184,2025-11-20T16:37:10
1,36,2025-11-01T21:25:13
3,186,2025-11-06T22:03:55
2,95,2025-11-14T23:05:37
3,185,2025-11-04T17:32:54
3,188,2025-10-27T00:00:30
3,186,2025-10-20T00:00:28
1,18,2025-10-30T07:33:12
1,20,2025-10-29T09:25:42
3,184,2025-11-17T19:27:35
2,173,2025-11-04T04:46:13
3,188,2025-10-27T21:12:08
2,82,2025-11-07T04:45:05
2,139,2025-10-15T13:18:50
2,61,2025-10-29T06:13:38
3,183,2025-11-03T23:05:07
2,116,2025-11-16T20:20:08
1,13,2025-10-27T15:47:06
3,188,2025-10-27T16:55:26
1,7,2025-10-24T13:34:03
1,4,2025-10-23T05:51:10
3,184,2025-10-06T10:18:47
1,27,2025-11-02T09:38:23
3,186,2025-10-11T02:17:11
3,184,2025-10-01T20:04:25
3,184,2025-11-09T20:09:47
3,186,2025-11-16T16:32:08
3,184,2025-10-29T05:19:46
2,124,2025-10-07T01:51:31
1,42,2025-10-23T21:06:44
3,188,2025-10-04T22:54:40
1,27,2025-10-18T09:37:02
1,26,2025-11-18T10:19:41
1,48,2025-10-29T10:30:24
1,1,2025-10-30T07:18:15
3,187,2025-10-11T18:01:43
2,123,2025-11-14T10:42:36
3,187,2025-11-18T06:53:57
1,33,2025-11-15T18:34:02
2,100,2025-10-12T06:29:09
2,92,2025-11-14T21:20:53
3,185,2025-10-19T09:52:31
1,48,2025-11-03T01:31:41
2,100,2025-10-18T08:55:58
3,188,2025-11-09T16:51:39
2,182,2025-11-02T04:07:28
1,26,2025-10-10T14:15:48
1,9,2025-11-16T16:32:55
2,114,2025-10-01T23:54:55
2,149,2025-10-24T04:48:15
2,119,2025-11-02T08:04:57
2,53,2025-10-26T17:27:46
3,185,2025-10-24T06:37:29
1,43,2025-10-12T19:29:01
2,129,2025-10-16T20:10:01
2,179,2025-10-31T12:37:52
3,183,2025-10-29T23:29:14
2,107,2025-10-22T14:36:23
1,31,2025-10-16T04:56:53
2,146,2025-11-10T16:59:25
3,187,2025-11-16T01:06:32
3,188,2025-10-22T12:56:09
1,44,2025-10-09T06:46:17
3,186,2025-11-05T11:01:11
1,37,2025-10-12T05:27:55
1,36,2025-11-19T09:52:12
1,37,2025-10-15T21:10:52
1,21,2025-11-20T20:29:01
2,80,2025-10-21T06:37:12
3,187,2025-11-17T19:03:06
1,33,2025-11-13T14:02:59
1,30,2025-10-14T03:27:09
3,186,2025-11-14T16:25:03
3,183,2025-11-15T05:25:10
3,185,2025-10-03T10:43:43
2,116,2025-10-01T15:01:35
3,184,2025-10-08T10:10:16
1,28,2025-11-03T18:48:37
3,183,2025-10-07T04:24:20
1,31,2025-10-04T09:56:51
2,155,2025-10-18T19:23:12
1,50,2025-11-11T03:30:51
2,148,2025-11-13T21:10:02
2,147,2025-10-09T02:59:45
3,188,2025-10-14T05:53:19
3,185,2025-10-12T20:26:07
1,35,2025-11-08T11:53:34
3,184,2025-10-22T22:54:20
1,49,2025-10-03T12:58:37
2,169,2025-11-11T12:17:23
3,186,2025-10-23T15:09:21
1,30,2025-11-03T22:36:38
1,18,2025-10-19T15:11:28
3,183,2025-10-04T11:04:18
3,186,2025-10-02T20:27:26
1,14,2025-10-07T20:47:57
1,39,2025-10-04T14:14:18
2,63,2025-10-25T02:16:18
3,183,2025-11-09T09:20:46
2,110,2025-10-22T10:16:26
1,9,2025-11-19T06:09:44
2,110,2025-11-01T07:05:58
3,187,2025-11-01T11:12:13
1,20,2025-10-15T05:49:15
3,187,2025-10-22T19:04:00
2,127,2025-10-28T01:09:18
1,36,2025-10-18T08:05:23
3,188,2025-11-11T19:26:58
3,186,2025-10-05T21:14:52
2,148,2025-11-01T06:42:18
3,186,2025-11-09T23:18:46
1,20,2025-11-06T21:12:56
1,49,2025-11-16T07:22:43
1,15,2025-10-30T12:45:59
3,184,2025-11-15T06:55:36
1,36,2025-11-10T09:36:29
2,85,2025-11-08T01:04:55
1,17,2025-10-21T01:48:32
2,71,2025-11-14T00:04:45
2,74,2025-10-19T19:51:15
1,18,2025-11-06T22:51:54
3,187,2025-10-05T04:09:08
1,13,2025-10-22T09:41:06
2,104,2025-11-02T15:51:47
2,54,2025-10-21T21:32:52
1,48,2025-10-12T17:21:59
3,186,2025-10-24T21:16:59
3,187,2025-10-21T04:33:00
2,112,2025-11-01T13:25:02
2,148,2025-11-15T14:26:32
3,188,2025-11-05T05:08:07
2,117,2025-11-05T06:01:57
3,186,2025-11-15T13:52:05
1,47,2025-11-15T21:59:31
2,103,2025-11-06T07:48:18
2,156,2025-10-05T18:31:28
3,184,2025-10-15T12:01:28
1,17,2025-11-10T21:01:38
2,90,2025-10-20T09:09:35
2,109,2025-11-07T05:05:26
3,184,2025-11-18T19:27:24
3,188,2025-11-03T02:34:54
2,176,2025-11-17T23:10:14
2,94,2025-11-04T12:37:47
1,9,2025-11-17T17:51:34
1,35,2025-10-07T00:51:20
3,183,2025-10-08T13:12:08
3,183,2025-10-01T22:52:31
2,86,2025-10-23T19:16:44
1,46,2025-10-15T23:55:28
1,14,2025-11-19T10:26:35
2,146,2025-10-07T04:51:32
3,188,2025-11-17T05:56:50
3,186,2025-10-02T20:39:27
1,35,2025-11-10T06:29:17
1,2,2025-10-28T00:11:32
3,185,2025-10-02T23:56:42
3,188,2025-11-12T03:18:29
1,7,2025-10-10T16:25:39
3,184,2025-10-24T17:29:53
1,40,2025-10-25T20:10:37
2,119,2025-11-08T20:50:08
1,24,2025-11-09T18:06:44
2,113,2025-10-23T06:17:07
2,71,2025-10-04T09:49:48
1,26,2025-11-07T03:44:57
2,172,2025-10-06T18:45:26
3,183,2025-10-17T23:21:09
1,32,2025-11-12T11:04:57
3,185,2025-10-10T14:12:33
3,183,2025-10-23T15:23:41
1,45,2025-11-16T11:59:45
2,62,2025-10-08T13:14:36
3,185,2025-10-04T12:40:00
1,21,2025-10-02T20:29:09
1,38,2025-10-15T07:59:26
3,186,2025-10-08T19:16:38
2,92,2025-10-24T16:20:26
3,186,2025-11-02T12:59:11
2,86,2025-10-08T22:44:59
3,188,2025-11-03T21:54:39
1,7,2025-11-12T18:29:22
1,5,2025-11-03T09:38:19
3,187,2025-11-08T20:23:06
2,58,2025-10-27T20:53:53
2,176,2025-10-23T11:36:03
2,147,2025-11-12T06:16:43
1,44,2025-11-07T05:38:01
1,50,2025-10-30T00:17:02
1,46,2025-10-08T11:16:58
1,18,2025-10-16T07:21:39
2,90,2025-11-08T03:53:06
2,143,2025-10-11T16:16:53
1,1,2025-10-31T06:18:54
2,143,2025-10-27T12:36:04
1,9,2025-10-09T19:25:02
1,28,2025-11-13T21:52:53
3,187,2025-11-20T02:04:25
2,77,2025-10-03T21:11:40
1,23,2025-10-10T08:51:19
3,187,2025-11-01T19:58:38
2,54,2025-10-29T16:03:13
2,150,2025-10-09T13:21:51
3,187,2025-10-24T21:37:51
3,187,2025-10-17T19:09:24
3,186,2025-10-17T18:58:03
1,18,2025-10-30T13:41:12
2,177,2025-10-15T12:03:10
1,11,2025-11-12T12:52:08
2,158,2025-10-30T10:28:24
2,70,2025-11-05T09:28:55
2,114,2025-11-18T11:18:12
3,187,2025-10-20T07:39:37
2,78,2025-10-14T11:42:48
2,52,2025-11-08T18:01:44
2,148,2025-11-02T07:53:16
2,136,2025-11-12T03:24:30
3,187,2025-10-14T13:11:34
2,133,2025-10-20T20:01:04
2,131,2025-10-18T13:55:29
2,132,2025-10-29T15:07:24
3,188,2025-11-18T00:07:47
3,184,2025-11-01T23:22:11
2,122,2025-11-08T11:36:18
2,80,2025-10-20T17:34:04
3,187,2025-10-18T19:15:38
3,187,2025-10-03T22:43:08
3,186,2025-10-21T16:30:58
2,125,2025-10-08T01:09:04
2,178,2025-10-14T20:18:39
3,185,2025-10-24T19:57:00
2,90,2025-11-11T09:57:34
2,69,2025-11-13T22:24:04
3,186,2025-11-09T05:56:36
3,187,2025-11-10T22:42:40
3,183,2025-11-05T05:45:51
3,187,2025-10-09T14:01:20
1,50,2025-10-25T10:25:12
3,188,2025-11-04T19:13:49
1,42,2025-10-05T15:13:07
3,188,2025-11-09T03:10:36
2,161,2025-10-11T14:52:07
1,7,2025-10-26T10:54:14
1,33,2025-11-20T16:53:11
3,187,2025-10-22T19:02:28
2,146,2025-11-08T07:24:31
2,179,2025-10-15T23:15:40
2,57,2025-11-17T04:56:17
1,19,2025-11-10T17:17:34
1,8,2025-10-15T02:07:37
2,130,2025-11-03T15:24:11
2,103,2025-11-20T22:17:08
2,140,2025-11-16T13:32:20
1,29,2025-11-14T06:16:42
2,68,2025-10-30T11:39:57
1,46,2025-10-12T12:10:05
1,22,2025-10-11T22:50:00
3,184,2025-10-25T00:21:30
3,184,2025-10-16T21:08:35
2,160,2025-11-15T04:39:51
1,26,2025-10-19T05:48:13
1,41,2025-11-12T06:56:46
2,58,2025-10-20T11:47:57
2,160,2025-11-08T02:03:10
1,46,2025-10-22T04:30:40
1,18,2025-10-07T09:47:02
3,183,2025-10-19T11:38:52
2,134,2025-10-20T11:12:58
2,80,2025-10-26T19:19:39
3,186,2025-10-31T18:17:04
3,186,2025-11-08T10:41:37
3,183,2025-11-04T02:43:23
2,168,2025-10-18T02:01:05
3,188,2025-10-30T05:05:48
3,187,2025-10-09T13:29:11
3,184,2025-10-31T17:46:32
1,16,2025-10-30T23:35:13
1,12,2025-11-06T13:51:58
3,184,2025-11-19T22:18:29
2,158,2025-10-14T17:15:14
3,186,2025-11-11T09:45:06
1,32,2025-10-18T03:39:58
3,184,2025-11-17T20:56:55
2,86,2025-10-19T11:58:16
2,166,2025-10-06T12:55:23
2,53,2025-11-17T09:13:14
1,13,2025-11-07T14:39:17
3,187,2025-11-18T09:21:48
2,176,2025-11-10T16:29:20
3,186,2025-11-17T18:45:08
1,6,2025-10-04T07:54:38
1,19,2025-10-04T12:11:06
2,108,2025-10-29T08:39:02
1,50,2025-11-14T17:38:09
3,188,2025-11-18T10:09:49
3,187,2025-10-12T07:48:02
3,183,2025-10-27T08:13:35
3,185,2025-10-05T08:57:34
3,186,2025-10-22T13:14:22
2,77,2025-10-25T08:47:25
2,59,2025-11-13T23:57:08
2,140,2025-10-09T18:41:06
2,81,2025-10-24T08:07:27
1,48,2025-11-04T09:01:44
3,187,2025-11-11T21:42:05
1,40,2025-10-14T20:26:27
1,14,2025-10-07T02:18:49
3,185,2025-10-28T14:58:32
3,187,2025-10-17T16:20:51
2,125,2025-10-29T10:11:43
3,185,2025-11-20T06:40:25
3,183,2025-10-14T11:56:42
2,66,2025-10-28T06:12:38
3,184,2025-10-14T05:11:31
1,10,2025-11-01T14:32:23
1,49,2025-11-08T11:03:32
2,87,2025-10-27T10:09:22
3,186,2025-11-06T18:12:53
2,70,2025-10-10T08:55:35
2,182,2025-10-28T08:18:46
3,185,2025-11-14T11:31:03
2,134,2025-10-01T13:45:45
3,183,2025-11-14T20:15:51
3,188,2025-11-05T02:43:10
1,35,2025-11-08T22:44:42
1,28,2025-10-21T21:38:58
2,119,2025-11-01T16:19:49
2,137,2025-10-14T00:18:23
3,186,2025-11-03T16:58:16
3,183,2025-10-05T19:03:17
1,41,2025-11-14T22:54:11
1,8,2025-10-16T16:07:41
2,167,2025-10-01T09:34:30
2,102,2025-10-14T03:22:47
3,185,2025-10-16T18:26:39
2,74,2025-11-05T07:52:31
2,72,2025-11-06T10:27:31
3,188,2025-10-17T09:42:05
1,26,2025-10-30T23:53:17
3,188,2025-10-24T01:35:40
2,74,2025-10-10T13:47:38
1,14,2025-11-16T15:02:24
1,9,2025-10-23T07:03:46
3,188,2025-11-13T13:04:51
1,1,2025-11-03T16:35:08
1,28,2025-10-14T03:59:25
2,69,2025-10-23T13:29:05
2,73,2025-10-11T06:40:21
1,21,2025-11-06T00:28:50
2,86,2025-11-07T11:48:16
1,42,2025-10-15T04:52:18
1,34,2025-10-02T03:44:51
3,188,2025-10-17T06:25:09
2,140,2025-10-22T00:27:18
3,188,2025-10-16T00:43:38
2,164,2025-10-22T10:13:00
1,7,2025-10-14T22:15:15
1,38,2025-11-07T14:51:33
2,160,2025-10-31T20:50:47
1,16,2025-10-28T05:22:53
3,183,2025-10-25T10:16:15
3,187,2025-10-28T23:54:48
3,183,2025-10-30T14:53:38
1,34,2025-11-19T19:16:25
1,48,2025-11-08T08:50:45
2,64,2025-10-24T13:42:18
